{"EADChallenge2019": {"mAP": {"value": 62.96104797620177}, "IoU": {"value": 47.63681875874269}, "score": {"value": 56.831356289218135}, "mAP_specularity": {"value": 39.76391452699332}, "mAP_contrast": {"value": 80.64216020302656}, "mAP_saturation": {"value": 78.88056326897109}, "mAP_blur": {"value": 50.01344583948286}, "mAP_instrument": {"value": 97.68907874135397}, "mAP_bubbles": {"value": 40.694111955859654}, "mAP_artifact": {"value": 69.65296055579073}, "iou_specularity": {"value": 37.33207720144847}, "iou__contrast": {"value": 51.360707329817856}, "iou_saturation": {"value": 50.79894900684566}, "iou_blur": {"value": 34.560075376818126}, "iou_instrument": {"value": 79.54464745025331}, "iou_bubbles": {"value": 34.11954830723765}, "iou_artifact": {"value": 51.77063717314119}, "IoU_mAP_ratio": {"value": 1}}}