
{"EADChallenge2019": {"mAP_g": {"value": 0.40082828254873265}, "iou_g": {"value": 0.5924980243921231}, "score_g": {"value": 0.0}}}